<?xml version="1.0" encoding="utf-8"?>
<annotations>
  <version>1.1</version>
  <meta>
    <task>
      <id>12</id>
      <name>boneMarrow</name>
      <size>20</size>
      <mode>annotation</mode>
      <overlap>0</overlap>
      <bugtracker></bugtracker>
      <created>2020-06-04 00:31:10.583560+00:00</created>
      <updated>2020-06-04 00:31:10.583605+00:00</updated>
      <start_frame>0</start_frame>
      <stop_frame>19</stop_frame>
      <frame_filter></frame_filter>
      <z_order>False</z_order>
      <labels>
        <label>
          <name>pink</name>
          <attributes>
            <attribute>
              <name>size</name>
              <mutable>False</mutable>
              <input_type>select</input_type>
              <default_value>large</default_value>
              <values>large
small</values>
            </attribute>
          </attributes>
        </label>
        <label>
          <name>yellow</name>
          <attributes>
            <attribute>
              <name>size</name>
              <mutable>False</mutable>
              <input_type>select</input_type>
              <default_value>large</default_value>
              <values>large
small</values>
            </attribute>
          </attributes>
        </label>
        <label>
          <name>good quality</name>
          <attributes>
          </attributes>
        </label>
        <label>
          <name>bad quality</name>
          <attributes>
          </attributes>
        </label>
      </labels>
      <segments>
        <segment>
          <id>12</id>
          <start>0</start>
          <stop>19</stop>
          <url>httplocalhost:8080/?id=12</url>
        </segment>
      </segments>
      <owner>
        <username>admin</username>
        <email>team@aheadmedicine.com</email>
      </owner>
      <assignee></assignee>
    </task>
    <dumped>2020-06-04 03:33:41.487684+00:00</dumped>
  </meta>
  <image id="0" name="ID00002_16x.png" width="960" height="470">
  </image>
  <image id="1" name="ID00003_16x.png" width="960" height="470">
  </image>
  <image id="2" name="ID00004_16x.png" width="960" height="470">
  </image>
  <image id="3" name="ID00005_16x.png" width="960" height="470">
  </image>
  <image id="4" name="ID00006_16x.png" width="960" height="470">
  </image>
  <image id="5" name="ID00007_16x.png" width="960" height="470">
  </image>
  <image id="6" name="ID00008_16x.png" width="960" height="470">
  </image>
  <image id="7" name="ID00009_16x.png" width="960" height="470">
  </image>
  <image id="8" name="ID00010_16x.png" width="960" height="470">
  </image>
  <image id="9" name="ID00011_16x.png" width="960" height="470">
  </image>
  <image id="10" name="ID00012_16x.png" width="960" height="470">
  </image>
  <image id="11" name="ID00013_16x.png" width="960" height="470">
  </image>
  <image id="12" name="ID00014_16x.png" width="960" height="470">
  </image>
  <image id="13" name="ID00015_16x.png" width="960" height="470">
  </image>
  <image id="14" name="ID00016_16x.png" width="960" height="470">
  </image>
  <image id="15" name="ID00017_16x.png" width="960" height="470">
  </image>
  <image id="16" name="ID00018_16x.png" width="960" height="470">
  </image>
  <image id="17" name="ID00019_16x.png" width="960" height="470">
  </image>
  <image id="18" name="ID00020_16x (1).png" width="960" height="470">
  </image>
  <image id="19" name="ID00021_16x.png" width="960" height="470">
  </image>
</annotations>