<?xml version="1.0" encoding="utf-8"?>
<annotations>
  <version>1.1</version>
  <meta>
    <task>
      <id>11</id>
      <name>d</name>
      <size>1</size>
      <mode>annotation</mode>
      <overlap>0</overlap>
      <bugtracker></bugtracker>
      <created>2020-06-03 19:00:54.587988+00:00</created>
      <updated>2020-06-04 00:15:44.266722+00:00</updated>
      <start_frame>0</start_frame>
      <stop_frame>0</stop_frame>
      <frame_filter></frame_filter>
      <z_order>False</z_order>
      <labels>
        <label>
          <name>d</name>
          <attributes>
          </attributes>
        </label>
      </labels>
      <segments>
        <segment>
          <id>11</id>
          <start>0</start>
          <stop>0</stop>
          <url>httplocalhost:8080/?id=11</url>
        </segment>
      </segments>
      <owner>
        <username>admin</username>
        <email>team@aheadmedicine.com</email>
      </owner>
      <assignee></assignee>
    </task>
    <dumped>2020-06-04 00:15:54.966028+00:00</dumped>
  </meta>
  <image id="0" name="Screen Shot 2020-06-03 at 12.22.41 AM.png" width="2880" height="1800">
    <box label="d" occluded="0" xtl="509.63" ytl="574.03" xbr="1052.20" ybr="1289.23">
    </box>
    <box label="d" occluded="0" xtl="767.21" ytl="591.84" xbr="2477.13" ybr="915.19">
    </box>
    <box label="d" occluded="0" xtl="1556.41" ytl="1190.58" xbr="2279.83" ybr="1453.65">
    </box>
  </image>
</annotations>